action,actor,actor_location.country_code,created_at,org,repo,user,public_repo,data.email,data.hook_id,data.events,data.events_were,data.target_login,data.old_user,data.team,data.runner_group_id,data.runner_group_name,data.runner_group_visibility,data.runner_group_allow_public,data.new_repo_permission,data.old_repo_permission,data.started_at,data.cancelled_at,data.head_branch,data.head_sha,data.trigger_id,data.event,data.workflow_id,data.workflow_run_id,data.runner_id,data.runner_name,data.source_version,data.target_version
repo.create,ttupe652gmail,PH,1650417603819,,ttupe652gmail/EventListenerOptions,ttupe652gmail,,,,,,,,,,,,,,,,,,,,,,,,,,
repo.change_merge_setting,ttupe652gmail,PH,1650416038989,,ttupe652gmail/bin,ttupe652gmail,,,,,,,,,,,,,,,,,,,,,,,,,,
repo.change_merge_setting,ttupe652gmail,PH,1651332599731,,ttupe652gmail/fictional-meme,ttupe652gmail,,,,,,,,,,,,,,,,,,,,,,,,,,
oauth_authorization.create,ttupe652gmail,PH,1650810595742,[],,ttupe652gmail,,,,,,,,,,,,,,,,,,,,,,,,,,
repo.create,ttupe652gmail,PH,1650416039188,,ttupe652gmail/bin,ttupe652gmail,,,,,,,,,,,,,,,,,,,,,,,,,,
user.create,ttupe652gmail,PH,1650415748793,,,ttupe652gmail,,ttupe652@gmail.com,,,,,,,,,,,,,,,,,,,,,,,,
repo.create,ttupe652gmail,PH,1651332600018,,ttupe652gmail/fictional-meme,ttupe652gmail,,,,,,,,,,,,,,,,,,,,,,,,,,
repo.update_actions_settings,ttupe652gmail,PH,1651338765400,,ttupe652gmail/bin,ttupe652gmail,,,,,,,,,,,,,,,,,,,,,,,,,,
oauth_authorization.create,ttupe652gmail,PH,1651337963907,[],,ttupe652gmail,,,,,,,,,,,,,,,,,,,,,,,,,,
user.reset_password,ttupe652gmail,PH,1651332510458,,,ttupe652gmail,,,,,,,,,,,,,,,,,,,,,,,,,,
repo.change_merge_setting,ttupe652gmail,PH,1651332599751,,ttupe652gmail/fictional-meme,ttupe652gmail,,,,,,,,,,,,,,,,,,,,,,,,,,
user.login,ttupe652gmail,PH,1650415749112,,,ttupe652gmail,,,,,,,,,,,,,,,,,,,,,,,,,,
user.login,ttupe652gmail,PH,1651332574596,,,ttupe652gmail,,,,,,,,,,,,,,,,,,,,,,,,,,
repo.change_merge_setting,ttupe652gmail,PH,1650416038969,,ttupe652gmail/bin,ttupe652gmail,,,,,,,,,,,,,,,,,,,,,,,,,,
